question_id,question_number,subject,question_statement,correct_answer,exam_name,exam_year,exam_type,alternative_a,alternative_b,alternative_c,alternative_d,alternative_e
exams_pt-br_fuvest_2010_q_42,42,Sociologia,"Serviços como o fotolog e o Orkut, tal qual outras
ferramentas para mensagens instantâneas na Internet
(MSN e ICQ), não devem ser lidos como sintomas de um
mundo que a velocidade da comunicação e as tecnologias
digitais teriam tornado “pequeno”. Ligar-se em rede e
“estreitar” o mundo é uma escolha, algo como uma
camada adicional de sociabilidade disponível somente
para alguns, e que também, somente para alguns, faz
sentido acionar.
Maria Isabel Mendes de Almeida e Fernanda Eugênio (Orgs).
Culturas Jovens: novos mapas do afeto, 2006. Adaptado.

Considere o texto acima e as três afirmações:
I. As redes de comunicação propiciadas pela Internet
têm a propriedade da conectividade e, ao mesmo
tempo, são suscetíveis de funcionar como
instrumentos de integração e exclusão.
II. A revolução tecnológica pode consolidar as
desigualdades sociais e também aprofundá-las,
produzindo um distanciamento cognitivo entre os que
já convivem com ela e os que estão sem acesso a ela.
III. Nesse ambiente comunicacional, as fronteiras se
relativizam e tem-se a possibilidade de adicionar, às
noções de espaço e tempo tradicionais, uma nova
noção de espaço: o ciberespaço.
Está correto o que se afirma em
a) I, apenas.
b) II, apenas.
c) I e II, apenas.
d) II e III, apenas.
e) I, II e III.",e,exams_pt-br_fuvest_2010,2010,fuvest,"I, apenas.","II, apenas.","I e II, apenas.","II e III, apenas.","I, II e III."
ita_2020_q_37,37,Português,"No trecho: “it’s not just democracy that is at risk, but also the economy”, a expressão sublinhada expressa uma ideia de",d,ita_2020,2020,ita,oposição.,concessão.,concordância.,adição.,contraste.
enem_2023-1_q_72,72,Física,"TEXTO I
Por hora, apenas os mais abastados poderão sonhar em viajar ao espaço, seja por um foguete ou por um avião híbrido, mas toda a população global poderá sentir os efeitos dessas viagens e avanços tecnológicos. Para uma aventura dessas, as empresas tiveram que criar novas tecnologias que podem, em algum momento, voltar para a sociedade. A câmera fotográfica, hoje comum no mundo, antes foi uma invenção para ser usada em telescópios, e o titânio, usado até na medicina, foi desenvolvido para a construção de foguetes.
ORLANDO, G. Corrida espacial dos bilionários pode trazer vantagens para todos. Disponível em: https://noticias.r7.com. Acesso em: 5 nov. 2021 (adaptado).
TEXTO II
ACREDITE EM MIM. NÃO CONFIE NESSE PESSOAL!
BILIONÁRIOS LANÇAM NOVA ERA DE VIAGENS AO ESPAÇO...
VIEMOS EM PAZ!
CAZO. Disponível em: www.humorpolitico.com.br. Acesso em: 5 nov. 2021.
Os textos apresentam perspectivas da nova corrida espacial que revelam, respectivamente:",b,enem_2023-1,2023,enem,Dependência e progresso.,Expectativa e desconfiança.,Angústia e adaptação.,Pioneirismo e retrocesso.,Receio e civilidade.
exams_pt-br_fuvest_2016_q_57,57,Português,"Das propostas de substituição para os trechos sublinhados nas seguintes frases do texto, a única que faz, de maneira adequada, a correção de um erro gramatical presente no discurso do narrador é:",e,exams_pt-br_fuvest_2016,2016,fuvest,"“Assim mesmo morrera negro, morrera pobre.”: havia morrido negro, havia morrido pobre.","“Mas Omolu dizia que não fora o alastrim que matara.”: Omolu dizia, no entanto, que não fora.","“Eles tinham dinheiro, léguas e léguas de terra, mas não sabiam tampouco da vacina.”: mas tão pouco sabiam da vacina.",“Mas para que seus filhos negros não o esqueçam [...].”: não lhe esqueçam.,“E numa noite que os atabaques batiam nas macumbas [...].”: numa noite em que os atabaques.
enem_2022-1_q_86,86,Filosofia,"Empédocles estabelece quatro elementos corporais — fogo, ar, água e terra —, que são eternos e que mudam aumentando e diminuindo mediante mistura e separação; mas os princípios propriamente ditos, pelos quais aqueles são movidos, são o Amor e o Ódio. Pois é preciso que os elementos permaneçam alternadamente em movimento, sendo ora misturados pelo Amor, ora separados pelo Ódio.
SIMPLÍCIO. Física, 25, 21. In: Os pré-socráticos. São Paulo: Nova Cultural, 1996.",c,enem_2022-1,2022,enem,exalta a investigação filosófica.,transcende ao mundo sensível.,evoca a discussão cosmogônica.,fundamenta as paixões humanas.,corresponde à explicação mitológica.
enem_2020-2_q_156,156,Português,"A Lei de Zipf, batizada com o nome do linguista americano George Zipf, é uma lei empírica que relaciona a frequência (f) de uma palavra em um dado texto com o seu ranking (r). Ela é dada por f = A / r^B. O ranking da palavra é a sua posição ao ordenar as palavras por ordem de frequência. Ou seja, r = 1 para a palavra mais frequente, r = 2 para a segunda palavra mais frequente e assim sucessivamente. A e B são constantes positivas. Disponível em: http://klein.sbm.org.br. Acesso em: 12 ago. 2020 (adaptado). Com base nos valores de X = log(r) e Y = log(f), é possível estimar valores para A e B. No caso hipotético em que a lei é verificada exatamente, a relação entre Y e X é",a,enem_2020-2,2020,enem,Y = log A − B X,Y = log A X + log B,Y = A / (B − X) log,Y = A / (B X) log,Y = A X B log
exams_pt-br_fuvest_2003_q_34,34,História,"Ao longo do século 17, vegetais americanos como a batata-doce, o milho, a mandioca, o ananás e o caju penetraram no continente africano. Isso deve ser entendido como",a,exams_pt-br_fuvest_2003,2003,fuvest,"parte do aumento do tráfico negreiro, que estreitou as relações entre a América Portuguesa e a África e fez do sistema sul-atlântico o mais importante do Império Português.","indício do alinhamento crescente de Portugal com a Inglaterra, que pressupunha a consolidação da penetração comercial no interior da África.",fruto de uma política sistemática de Portugal no sentido de anular a influência asiática e consolidar a americana no interior de seu império.,"imposição da diplomacia adotada pela dinastia dos Braganças, que desejava ampliar a influência portuguesa no interior da África, região controlada por comerciantes espanhóis.","alternativa encontrada pelo comércio português, já que os franceses controlavam as antigas possessões portuguesas no Oriente e no estuário do Prata."
enem_2022-1_q_75,75,Geografia,"O povo Kambeba é o povo das águas. Os mais velhos costumam contar que o povo nasceu de uma gota-d’água que caiu do céu em uma grande chuva. Nessa gota estavam duas gotículas: o homem e a mulher. “Por essa narrativa e cosmologia indígena de que nós somos o povo das águas é que o rio nos tem fundamental importância”, diz Márcia Wayna Kambeba, mestre em Geografia e escritora. Todos os dias, ela ia com o pai observar o rio. Ia em silêncio e, antes que tomasse para si a palavra, era interrompida. “Ouça o rio”, o pai dizia. Depois de cerca de duas horas a ouvir as águas do Solimões, ela mergulhava. “Confie no rio e aprenda com ele”. “Fui entender mais tarde, com meus estudos e vivências, que meu pai estava me apresentando à sabedoria milenar do rio”. Rios amazônicos influenciam no agro e em reservatórios do Sudeste. Disponível em: www.uol.com.br. Acesso em: 14 out. 2021.
Pelo descrito no texto, o povo Kambeba tem o rio como um(a)",e,enem_2022-1,2022,enem,objeto tombado e museográfico.,herança religiosa e sacralizada.,cenário bucólico e paisagístico.,riqueza individual e efêmera.,patrimônio cultural e afetivo.
enem_2010-1_q_1,1,Ciências Humanas,"Antes, eram apenas as grandes cidades que se apresentavam como o império da técnica, objeto de modificações, suspensões, acréscimos, cada vez mais sofisticadas e carregadas de artifício. Esse mundo artificial inclui, hoje, o mundo rural.

SANTOS, M. A Natureza do Espaço. São Paulo: Hucitec, 1996.

Considerando a transformação mencionada no texto, uma consequência socioespacial que caracteriza o atual mundo rural brasileiro é",b,enem_2010-1,2010,enem,a redução do processo de concentração de terras.,o aumento do aproveitamento de solos menos férteis.,a ampliação do isolamento do espaço rural.,a estagnação da fronteira agrícola do país.,a diminuição do nível de emprego formal.
exams_pt-br_fuvest_1981_q_32,32,Química,"Em uma solução aquosa de gás amônia eKiste o equihtrio:
NH3G)+ HrO(t) r * NHi(aq) + OH-(aq)
A adi@'o de hidróxido de sódio a essa solução:",e,exams_pt-br_fuvest_1981,1981,fuvest,diminú o pH da solução.,mantém inâlterado o pH da solução.,aumenta a concentração de íons amônio.,mantém inalterada a concêntração de íons amô nío.,aumenta a libeÍação do gás amônia.
exams_pt-br_fuvest_2021_q_55,55,Física,"A energia irradiada pelo Sol provém da conversão de massa em energia durante reações de fusão de núcleos de hidrogênio para produzir núcleos de hélio. Atualmente, essas reações permitem ao Sol emitir radiação luminosa a uma potência de aproximadamente 4 X 10^26 W. Supondo que essa potência tenha sido mantida desde o nascimento do Sol, cerca de 5 x 10^9 anos atrás, a massa correspondente aquela perdida pelo Sol até hoje é mais próxima de",c,exams_pt-br_fuvest_2021,2021,fuvest,10^25 kg. Note e adote,10^27 kg. Velocidade da luz no vácuo: 3 x 10^8 m/s.,10^29 kg. Considere que um ano tem cerca de 3 x 10^7 s.,10^x kg.,10^y kg.
enem_2013-2_q_103,103,Filosofia,"O jogo é uma atividade ou ocupação voluntária, exercida dentro de certos e determinados limites de tempo e de espaço, segundo regras livremente consentidas, mas absolutamente obrigatórias, dotado de um fim em si mesmo, acompanhado de um sentimento de tensão e de alegria e de uma consciência de ser diferente da “vida quotidiana”.
HUIZINGA, J. Homo ludens: o jogo como elemento da cultura. São Paulo: Perspectiva, 2004.

Segundo o texto, o jogo comporta a possibilidade de fruição. Do ponto de vista das práticas corporais, essa fruição se estabelece por meio do(a)",d,enem_2013-2,2013,enem,"fixação de táticas, que define a padronização para maior alcance popular.","competitividade, que impulsiona o interesse pelo sucesso.","refinamento técnico, que gera resultados satisfatórios.","caráter lúdico, que permite experiências inusitadas.","uso tecnológico, que amplia as opções de lazer."
enem_2019-2_q_123,123,Química,"Estudos mostram o desenvolvimento de biochips utilizados para auxiliar o diagnóstico de diabetes melito, doença evidenciada pelo excesso de glicose no organismo. O teste é simples e consiste em duas reações sequenciais na superfície do biochip, entre a amostra de soro sanguíneo do paciente, enzimas específicas e reagente (iodeto de potássio, KI), conforme mostrado na imagem.

Após a adição de soro sanguíneo, o fluxo desloca-se espontaneamente da esquerda para a direita (ii) promovendo reações sequenciais, conforme as equações 1 e 2. Na primeira, há conversão de glicose do sangue em ácido glucônico, gerando peróxido de hidrogênio:

Equação 1
C6H12O6 (aq) + O2 (g) + H2O (l) Enzimas → C6H12O7 (aq) + H2O2 (aq)

Na segunda, o peróxido de hidrogênio reage com íons iodeto gerando o íon tri-iodeto, água e oxigênio.

Equação 2
2 H2O2 (aq) + 3 I− (aq) → 3 I3− (aq) + 2 H2O (l) + O2 (g)

O tipo de reação que ocorre na superfície do biochip, nas duas reações do processo, é",c,enem_2019-2,2019,enem,análise.,síntese.,oxirredução.,complexação.,ácido-base.
enem_2013-2_q_139,139,Geografia,"A cidade de Guarulhos (SP) tem o 8º PIB municipal do Brasil, além do maior aeroporto da América do Sul. Em proporção, possui a economia que mais cresce em indústrias, conforme mostra o gráfico. Crescimento - Indústria Brasil São Paulo (Estado) São Paulo (Capital) Guarulhos 60% 65% 55% 50% 45% 40% 35% 30% 25% 20% 15% 30,95% 14,76% 3,57% 10% 5% 0% 60,52% Fonte: IBGE, 2002-2008 (adaptado). Analisando os dados percentuais do gráfico, qual a diferença entre o maior e o menor centro em crescimento no polo das indústrias?",c,enem_2013-2,2013,enem,"75,28","64,09","56,95","45,76","30,07"
exams_pt-br_fuvest_2006_q_71,71,Química,"As reações, em fase gasosa, representadas pelas equações I, II e III, liberam, respectivamente, as quantidades de calor Q1 J, Q2 J e Q3 J, sendo Q3 > Q2 > Q1.
I 2 NH₃ + 5/2 O₂ → 2 NO + 3 H₂O ............. ∆H1 = -Q1 J
II 2 NH₃ + 7/2 O₂ → 2 NO₂ + 3 H₂O ............ ∆H2 = -Q2 J
III 2 NH₃ + 4 O₂ → N₂O₅ + 3 H₂O............. ∆H3 = -Q3 J
Assim sendo, a reação representada por
IV N₂O₅ → 2 NO₂ + 1/2 O₂...........................∆H4
será

a) exotérmica, com ∆H4 = (Q3 – Q1)J.

b) endotérmica, com ∆H4 = (Q2 – Q1)J.

c) exotérmica, com ∆H4 = (Q2 – Q3)J.

d) endotérmica, com ∆H4 = (Q3 – Q2)J.

e) exotérmica, com ∆H4 = (Q1 – Q2)J.",d,exams_pt-br_fuvest_2006,2006,fuvest,"exotérmica, com ∆H4 = (Q3 – Q1)J.","endotérmica, com ∆H4 = (Q2 – Q1)J.","exotérmica, com ∆H4 = (Q2 – Q3)J.","endotérmica, com ∆H4 = (Q3 – Q2)J.","exotérmica, com ∆H4 = (Q1 – Q2)J."
ita_2010-quimica_q_15,15,Química,"Uma solução aquosa saturada em fosfato de estrôncio [Sr₃(PO₄)₂] está em equilíbrio químico à temperatura de 25 °C, e a concentração de equilíbrio do íon estrôncio, nesse sistema, é de 7,5 x 10⁻⁷ mol L⁻¹. Considerando-se que ambos os reagentes (água e sal inorgânico) são quimicamente puros, assinale a alternativa CORRETA com o valor do PS(25°C) pK° do Sr₃(PO₄)₂. Dado: KPS = constante do produto de solubilidade.",d,ita_2010-quimica,2024,ita,"7,0","13,0","25,0","31,0","35,0"
ita_2010-fisica_q_20,20,Biologia,"No processo de fotossíntese, as moléculas de clorofila do tipo a nas plantas verdes apresentam um pico de absorção da radiação eletromagnética no comprimento de onda λ = 6,80 x 10⁻⁷m. Considere que a formação de glicose (C₆H₁₂O₆) por este processo de fotossíntese é descrita, de forma simplificada, pela reação: 6CO₂ + 6H₂O → C₆H₁₂O₆ + 6O₂. Sabendo-se que a energia total necessária para que uma molécula de CO₂ reaja é de 2,34 x 10⁻¹⁸J, o número de fótons que deve ser absorvido para formar 1 mol de glicose é",c,ita_2010-fisica,2024,ita,8.,24.,48.,120.,240.
enem_2013-1_q_3,3,Geografia,"No dia 1º de julho de 2012, a cidade do Rio de Janeiro tornou-se a primeira do mundo a receber o título da Unesco de Patrimônio Mundial como Paisagem Cultural. A candidatura, apresentada pelo Instituto do Patrimônio Histórico e Artístico Nacional (Iphan), foi aprovada durante a 36ª Sessão do Comitê do Patrimônio Mundial. O presidente do Iphan explicou que “a paisagem carioca é a imagem mais explícita do que podemos chamar de civilização brasileira, com sua originalidade, desafios, contradições e possibilidades”. A partir de agora, os locais da cidade valorizados com o título da Unesco serão alvo de ações integradas visando a preservação da sua paisagem cultural. Disponível em: www.cultura.gov.br. Acesso em: 7 mar. 2013 (adaptado).",e,enem_2013-1,2013,enem,presença do corpo artístico local.,imagem internacional da metrópole.,herança de prédios da ex-capital do país.,diversidade de culturas presente na cidade.,relação sociedade-natureza de caráter singular.
unicamp_2017_q_35,35,Física,"No conto “O mistério de Maria Rogêt”, de Edgar Alan Poe, ao procurar esclarecer a verdadeira identidade de um cadáver jogado na água, o detetive Dupin, mediante a análise dos fatos e das informações da imprensa, faz uso do seguinte raciocínio científico:
“ (...) a gravidade específica do corpo humano, em sua condição natural, é quase igual à massa de água doce que ele desloca. (...) É evidente, contudo, que as gravidades do corpo e da massa de água deslocada são muito delicadamente equilibradas, e que uma ninharia pode fazer com que uma delas predomine. Um braço, por exemplo, erguido fora d'água e assim privado de seu equivalente é um peso adicional suficiente para imergir toda a cabeça, ao passo que a ajuda casual do menor pedaço de madeira habilitar-nos-á a elevar a cabeça, para olhar em derredor”. (Edgar Alan Poe, apud João Zanetic, Física e Literatura: construindo uma ponte entre as duas culturas. 2006, p. 61. Disponível em http://www.scielo.br/pdf/hcsm/v13s0/03.pdf. Acessado em 05/07/2016.) A partir do raciocínio científico presente no excerto acima, é correto afirmar que:",a,unicamp_2017,2017,unicamp,"A densidade de massa de um corpo humano é aproximadamente igual à da água, e retirar o braço para fora da água reduziria a força de empuxo, contrária ao peso do corpo, contribuindo para seu afundamento.","O corpo humano está submetido a uma aceleração gravitacional aproximadamente igual à que atua na porção de água de mesma massa que o corpo, e retirar o braço para fora da água reduziria a força de empuxo, contrária ao peso do corpo, contribuindo para seu afundamento.","A densidade de massa de um corpo humano é aproximadamente igual à da água, e retirar o braço para fora da água aumentaria a força de empuxo, contrária ao peso do corpo, contribuindo para seu afundamento.","O corpo humano está submetido a uma aceleração gravitacional aproximadamente igual à que atua na porção de água de mesma massa que o corpo, e retirar o braço para fora da água aumentaria a força de empuxo, contrária ao peso do corpo, contribuindo para seu afundamento.",
exams_pt-br_fuvest_2006_q_42,42,Geografia,"A política externa dos Estados Unidos com relação à América Latina, na segunda metade do século XX, se pautou",c,exams_pt-br_fuvest_2006,2006,fuvest,"pelo modelo criado pela Política de Boa Vizinhança (PBV), em particular nos momentos de rejeição às intervenções armadas.",por tratados de comércio nos quais os participantes recebem tratamento simétrico em nome dos princípios do pan-americanismo.,"pelo papel decisivo dos EUA nas diretrizes da Organização dos Estados Americanos (OEA), em especial no tocante a Cuba.","pela defesa constante da democracia no continente, inclusive no período das ditaduras militares no Cone Sul.","pela escolha da América Latina, como principal alvo político e mercado de investimentos, escalonada depois da Europa e Ásia."
unicamp_2020_q_19,19,Geografia,"Matriz energética é o conjunto de fontes de energia disponíveis. Os gráficos a seguir representam a matriz energética no mundo e no Brasil, mostrando as fontes de energia renováveis e não renováveis.
[1] Carvão.
[2] Petróleo e derivados.
[3] Gás natural.
[4] Nuclear.
[5] Energia hidráulica.
[6] Biomassa.
[7] Energia solar, eólica e geotérmica.
[8] Derivados de cana-de-açúcar.
[9] Lenha e carvão vegetal.
[10] Outras fontes não renováveis.
[11] Lixívia (líquido resultante do processamento da madeira para extração da celulose) e outras fontes renováveis.
(Fonte: http://www.epe.gov.br/pt/abcdenergia/matriz-energetica-e-eletrica. Acessado em 02/05/2019.)
Considerando seus conhecimentos sobre meio ambiente e as informações fornecidas, assinale a alternativa correta.",c,unicamp_2020,2020,unicamp,"A matriz energética brasileira utiliza menor porcentagem de energia renovável que a mundial, com o uso predominante de combustíveis fósseis.","Gás natural, biomassa, energia hidráulica, energia solar, eólica e geotérmica são as fontes renováveis de energia utilizadas na matriz mundial.","A matriz energética brasileira é mais dependente de fontes renováveis de energia do que a matriz mundial, como alternativa ao uso de combustíveis fósseis.","Os biocombustíveis derivados da cana-de-açúcar e do gás natural são as principais fontes renováveis nas matrizes brasileira e mundial, respectivamente.",
exams_pt-br_fuvest_2005_q_22,22,Matemática,O menor número inteiro positivo que devemos adicionar a 987 para que a soma seja o quadrado de um número inteiro positivo é,a,exams_pt-br_fuvest_2005,2005,fuvest,37,36,35,34,33
exams_pt-br_fuvest_2004_q_69,69,Química,"“São animadores os números da safra de grãos do Brasil, que deverá colher neste ano o recorde histórico de 120 milhões de toneladas. Com isto, o Brasil deverá tornar-se o maior exportador mundial de soja, suplantando os Estados Unidos”. Folha de São Paulo, 2003

O acréscimo de produção de soja citado acarretará

I. aumento do “buraco na camada de ozônio”, pois nas plantações de soja são utilizados clorofluorocarbonetos como fertilizantes.
II. maior consumo de água, necessária à irrigação, que, em parte, será absorvida pelo vegetal.
III. aumento da quantidade de CO₂ atmosférico, diretamente produzido pela fotossíntese.
IV. aumento da área de solos ácidos, gerados pela calagem, em que se utiliza calcário com altos teores de óxido de cálcio e óxido de magnésio.

Dessas afirmações,",b,exams_pt-br_fuvest_2004,2004,fuvest,somente I é correta.,somente II é correta.,somente II e III são corretas.,somente III e IV são corretas.,todas são corretas.
exams_pt-br_fuvest_2005_q_50,50,Geografia,Pode-se caracterizar parte da complexidade sócioeconômica do Brasil pela,b,exams_pt-br_fuvest_2005,2005,fuvest,"elevada dívida externa, usada para financiar o alto Índice de Desenvolvimento Humano do país.",elevada concentração de terras que são utilizadas como reserva de valor e para agronegócios.,"exportação de produtos tecnológicos, principal componente da balança comercial brasileira.","concentração da renda no eixo Sul-Sudeste, em virtude da presença de imigrantes europeus.","queda da produção agrícola para exportação, devido ao protecionismo de países centrais."
enem_2013-2_q_104,104,Sociologia,"Novas tecnologias
Atualmente, prevalece na mídia um discurso de exaltação das novas tecnologias, principalmente aquelas ligadas às atividades de telecomunicações. Expressões frequentes como “o futuro já chegou”, “maravilhas tecnológicas” e “conexão total com o mundo” “fetichizam” novos produtos, transformando-os em objetos do desejo, de consumo obrigatório. Por esse motivo carregamos hoje nos bolsos, bolsas e mochilas o “futuro” tão festejado.
Todavia, não podemos reduzir-nos a meras vítimas de um aparelho midiático perverso, ou de um aparelho capitalista controlador. Há perversão, certamente, e controle, sem sombra de dúvida. Entretanto, desenvolvemos uma relação simbiótica de dependência mútua com os veículos de comunicação, que se estreita a cada imagem compartilhada e a cada dossiê pessoal transformado em objeto público de entretenimento.
Não mais como aqueles acorrentados na caverna de Platão, somos livres para nos aprisionar, por espontânea vontade, a esta relação sadomasoquista com as estruturas midiáticas, na qual tanto controlamos quanto somos controlados.
SAMPAIO, A. S. A microfísica do espetáculo. Disponível em: http://observatoriodaimprensa.com.br.
Acesso em: 1 mar. 2013 (adaptado).

Ao escrever um artigo de opinião, o produtor precisa criar uma base de orientação linguística que permita alcançar os leitores e convencê-los com relação ao ponto de vista defendido. Diante disso, nesse texto, a escolha das formas verbais em destaque objetiva",d,enem_2013-2,2013,enem,"criar relação de subordinação entre leitor e autor, já que ambos usam as novas tecnologias.",enfatizar a probabilidade de que toda população brasileira esteja aprisionada às novas tecnologias.,"indicar, de forma clara, o ponto de vista de que hoje as pessoas são controladas pelas novas tecnologias.",tornar o leitor copartícipe do ponto de vista de que ele manipula as novas tecnologias e por elas é manipulado.,demonstrar ao leitor sua parcela de responsabilidade por deixar que as novas tecnologias controlem as pessoas.
unicamp_2015_q_45,45,Sociologia,"A observação do canavial fornece, numa primeira impressão, a imagem de um mar de cana, um todo homogêneo no qual se distribuem os trabalhadores. Essa visão se desfaz quando se analisa o processo de trabalho.
Na medida em que se penetra no interior das relações de produção, descortina-se um universo submerso, pilar básico de uma estrutura de dominação.
(A respeito das relações de trabalho nas fazendas de canade-açúcar em várias regiões do Brasil, é correto afirmar que:)",d,unicamp_2015,2015,unicamp,A elevada mecanização da lavoura e as exigências das leis trabalhistas levam os antigos cortadores de cana a serem empregados nos setores de produção no interior das usinas de álcool e de açúcar.,"A expansão dos canaviais e o aumento da produção de álcool e de açúcar permitem que os trabalhadores permaneçam empregados durante todo o ano, reduzindo o trabalho sazonal.","As usinas eliminam os pagamentos dos trabalhadores por produtividade no corte da cana, e, com isso, os ganhos salariais passam a ser computados apenas pelos dias trabalhados.","Os trabalhadores são migrantes sazonais que se deslocam para o trabalho manual nos canaviais e retornam para suas antigas regiões após a colheita, dedicando-se a atividades de subsistência.",
unicamp_2015_q_22,22,História,"Apenas a procriação de filhos legítimos, embora essencial, não justifica a escolha da esposa. As ambições políticas e as necessidades econômicas que as subentendem exercem um papel igualmente poderoso. Como demonstraram inúmeros estudos, os dirigentes atenienses casam-se entre si, e geralmente com o parente mais próximo possível, isto é, primos coirmãos. É sintomático que os autores antigos que nos informam sobre o casamento de homens políticos atenienses omitam os nomes das mulheres desposadas, mas nunca o nome do seu pai ou do seu marido precedente. (Adaptado de Alain Corbin e outros, História da virilidade, vol. 1. Petrópolis: Vozes, 2014, p. 62.) Considerando o texto e a situação da mulher na Atenas clássica, podemos afirmar que se trata de uma sociedade",a,unicamp_2015,2015,unicamp,na qual o casamento também tem implicações políticas e sociais.,"que, por ser democrática, dá uma atenção especial aos direitos da mulher.",em que o amor é o critério principal para a formação de casais da elite.,em que o direito da mulher se sobrepõe ao interesse político e social.,
ime_2021_q_18,18,Física,"Uma fonte sonora A, que emite um som de frequência constante, e um observador B estão próximos um do outro e movem-se lentamente de acordo com as equações temporais no Plano XY mostradas abaixo:
XA = cos(t) + log(1 + t)
YA = 2t + 3
XB = log(1 + t) − sen(t)
YB = 2t − 1
Considerando que a fonte sonora emita um som de frequência constante, a frequência percebida pelo observador, dentre as opções, é desprovida de efeito Doppler quando o instante t for:",d,ime_2021,2021,ime,0,π/6,π/2,3π/4,π
exams_pt-br_fuvest_2010_q_11,11,História,"“A instituição das corveias variava de acordo com os domínios senhoriais, e, no interior de cada um, de acordo com o estatuto jurídico dos camponeses, ou de seus mansos [parcelas de terra].”
Marc Bloch. Os caracteres originais da França rural, 1952.
Esta frase sobre o feudalismo trata",d,exams_pt-br_fuvest_2010,2010,fuvest,da vassalagem.,do colonato.,do comitatus.,da servidão.,da guilda.
unicamp_2020_q_33,33,Matemática,"Cinco pessoas devem ficar em pé, uma ao lado da outra, para tirar uma fotografia, sendo que duas delas se recusam a ficar lado a lado. O número de posições distintas para as cinco pessoas serem fotografadas juntas é igual a",b,unicamp_2020,2020,unicamp,48.,72.,96.,120.,
enem_2021-2_q_152,152,Física,"O projeto de um contêiner, em forma de paralelepípedo reto retangular, previa a pintura dos dois lados (interno e externo) de cada uma das quatro paredes com tinta acrílica e a pintura do piso interno com tinta epóxi. O construtor havia pedido, a cinco fornecedores diferentes, orçamentos das tintas necessárias, mas, antes de iniciar a obra, resolveu mudar o projeto original, alterando o comprimento e a largura para o dobro do originalmente previsto, mantendo inalterada a altura. Ao pedir novos orçamentos aos fornecedores, para as novas dimensões, cada um deu uma resposta diferente sobre as novas quantidades de tinta necessárias.

- Fornecedor I: “O dobro, tanto para as paredes quanto para o piso.”
- Fornecedor II: “O dobro para as paredes e quatro vezes para o piso.”
- Fornecedor III: “Quatro vezes, tanto para as paredes quanto para o piso.”
- Fornecedor IV: “Quatro vezes para as paredes e o dobro para o piso.”
- Fornecedor V: “Oito vezes para as paredes e quatro vezes para o piso.”

Analisando as informações dos fornecedores, o construtor providenciará a quantidade adequada de material. Considere a porta de acesso do contêiner como parte de uma das paredes. Qual dos fornecedores prestou as informações adequadas?",b,enem_2021-2,2021,enem,I,II,III,IV,V
exams_pt-br_fuvest_2005_q_69,69,Química,"Em um bate-papo na Internet, cinco estudantes de química decidiram não revelar seus nomes, mas apenas as duas primeiras letras, por meio de símbolos de elementos químicos. Nas mensagens, descreveram algumas características desses elementos.
– É produzido, a partir da bauxita, por um processo que consome muita energia elétrica. Entretanto, parte do que é produzido, após utilização, é reciclado.
– É o principal constituinte do aço. Reage com água e oxigênio, formando um óxido hidratado.
– É o segundo elemento mais abundante na crosta terrestre. Na forma de óxido, está presente na areia. É empregado em componentes de computadores.
– Reage com água, desprendendo hidrogênio. Combina-se com cloro, formando o principal constituinte do sal de cozinha.
– Na forma de cátion, compõe o mármore e a cal.

Os nomes dos estudantes, na ordem em que estão apresentadas as mensagens, podem ser",b,exams_pt-br_fuvest_2005,2005,fuvest,"Silvana, Carlos, Alberto, Nair, Fernando.","Alberto, Fernando, Silvana, Nair, Carlos.","Silvana, Carlos, Alberto, Fernando, Nair.","Nair, Alberto, Fernando, Silvana, Carlos.","Alberto, Fernando, Silvana, Carlos, Nair."
exams_pt-br_fuvest_2018_q_90,90,Inglês,"Segundo o texto, a execução de um algoritmo consiste em um processo que",d,exams_pt-br_fuvest_2018,2018,fuvest,prevê a memorização de tabelas e fórmulas.,envolve mecanismos de seleção e detecção de erros.,se apoia em um número infinito de etapas.,é incompatível com análises subjetivas e imprecisas.,alterna níveis altos e baixos de esforço intelectual.
unicamp_2015_q_21,21,Filosofia,"A maneira pela qual adquirimos qualquer conhecimento constitui suficiente prova de que não é inato. (John Locke, Ensaio acerca do entendimento humano. São Paulo: Nova Cultural, 1988, p.13.) O empirismo, corrente filosófica da qual Locke fazia parte,",a,unicamp_2015,2015,unicamp,"afirma que o conhecimento não é inato, pois sua aquisição deriva da experiência.","é uma forma de ceticismo, pois nega que os conhecimentos possam ser obtidos.","aproxima-se do modelo científico cartesiano, ao negar a existência de ideias inatas.",defende que as ideias estão presentes na razão desde o nascimento.,
enem_2018-1_q_1,1,Espanhol,"Na introdução do romance, o narrador resgata lembranças de Plácida Linero relacionadas a seu filho Santiago Nasar. Nessa introdução, o uso da expressão augurio aciago remete ao(à)",b,enem_2018-1,2018,enem,A relação mística que se estabelece entre Plácida e seu filho Santiago.,"B destino trágico de Santiago, que Plácida foi incapaz de prever nos sonhos.",C descompasso entre a felicidade de Santiago nos sonhos e seu azar na realidade.,D crença de Plácida na importância da interpretação dos sonhos para mudar o futuro.,E presença recorrente de elementos sombrios que se revelam nos sonhos de Santiago.
unicamp_2021_q_63,63,Sociologia,"As feridas da discriminação racial se exibem ao mais superficial olhar sobre a realidade social do país. Até 1950, a discriminação em empregos era uma prática corrente, sancionada pelas práticas sociais do país. Em geral, os anúncios de vagas de trabalho eram publicados com a explícita advertência: “não se aceitam pessoas de cor.” Mesmo após a Lei Afonso Arinos, de 1951, proibindo categoricamente a discriminação racial, tudo continuou na mesma. Depois da lei, os anúncios se tornaram mais sofisticados que antes, e passaram a requerer: “pessoas de boa aparência”. Basta substituir “pessoas de boa aparência” por “branco” para se obter a verdadeira significação do eufemismo. (Adaptado de Abdias do Nascimento, O genocídio do negro brasileiro: processo de um racismo mascarado. São Paulo: Perspectiva, 2018, p. 97.) A partir do excerto, é correto afirmar:",a,unicamp_2021,2021,unicamp,"Apesar da Lei Afonso Arinos de 1951, o racismo que existia há muitos anos no mercado de trabalho brasileiro permaneceu por meio de estratégias camufladas.","A Lei Afonso Arinos de 1951 possibilitou a eliminação do racismo no mercado de trabalho do mundo da moda, que exigia a boa aparência das pessoas brancas.","Em 1951, o conceito de “pessoas de boa aparência”, ditado pelo mundo da moda e reproduzido nos anúncios de vagas de trabalho, privilegiava o asseio no vestir.","O racismo foi eliminado das relações sociais brasileiras somente na década de 1990, com a consolidação do conjunto de leis da democracia racial.",
unicamp_2023_q_1,1,Sociologia,"Texto 1
(MARZ, Marília. Folha de São Paulo, 4 jun. 2022, p. A2.)
Texto 2
Cracolândia vive 30 anos de eterno retorno
Repressão à droga não faz mais do que dispersar usuários; especialistas cobram articulação de políticas
Ela surgiu na Santa Efigênia, nos cruzamentos da rua dos Gusmões com as pequenas ruas dos Protestantes e do Triunfo, logo atrás da Estação Ferroviária da Luz, no centro de São Paulo. E há quase 30 anos, migra de um quarteirão para outro, em modo constante, se esparramando pelos bairros vizinhos.
A itinerância da maior cena aberta de uso de crack e outras drogas do país, batizada de cracolândia nos anos 1990, é fruto ora de um jogo de esconde-esconde, a partir do mando do crime organizado, ora do empurra-empurra das operações policiais que incidem sobre ela, onde quer que esteja.
(Adaptado de MENA, Fernanda, Cracolândia vive 30 anos de eterno retorno. Folha de São Paulo, 4 jun. 2022, p. B4.)
Indique a alternativa que apresenta palavras ou termos do Texto 2 diretamente relacionados a elementos representados na charge (Texto 1).",b,unicamp_2023,2023,unicamp,“articulação de políticas” e “esconde-esconde”,“empurra-empurra” e “eterno retorno”,“itinerância” e “crime organizado”,“repressão à droga” e “bairros vizinhos”,
unicamp_2017_q_34,34,Geografia,"Survey of geopolitics
Geopolitics is a product of its time, and its definitions have evolved accordingly. Rudolphh Kjellén, who coined the term in 1899, described geopolitics as ""the theory of the state as a geographical organism or phenomenon in space."" For Karl Haushofer, the father of German geopolotik, ""Geopolitics is the new national science of the state,(…) a doctrine on the spatial determinism of all political processes, based on the broad foundations of geography, especially of political geography"". On the eve of World War II, Derwent Whittlesey, the American political geographer, considered geopolitics ""a dogma*... the faith that the state is inherently entitled to its place in the sun"". Richard Hartshorne defined it as ""geography utilized for particular purposes that lie beyond the pursuit of scientific knowledge"". (Adaptado de Saul Bernard Cohen, Geopolitics of the world system. Boston: Rowman & Littlefield Publishers, 2003. p.11.) Conforme o texto,",a,unicamp_2017,2017,unicamp,"Kjellén e Haushofer possuem visão semelhante quanto à geopolítica, pois concordam que ela faz referência ao Estado.",Whittlesey concorda com seus antecessores ao afirmar que a geopolítica havia se transformado em um dogma.,Hartshorne concorda com Kjellén ao afirmar que a geopolítica mantém-se dentro dos parâmetros estritos de uma ciência.,"apesar dos posicionamentos distintos, os autores mencionados estão de acordo quanto aos fundamentos da geopolítica.",
enem_2017-2_q_92,92,Biologia,"A classificação biológica proposta por Whittaker permite distinguir cinco grandes linhas evolutivas utilizando, como critérios de classificação, a organização celular e o modo de nutrição. Woese e seus colaboradores, com base na comparação das sequências que codificam o RNA ribossômico dos seres vivos, estabeleceram relações de ancestralidade entre os grupos e concluíram que os procariontes do reino Monera não eram um grupo coeso do ponto de vista evolutivo.
Whittaker (1969)
Cinco reinos
Woese (1990)
Três domínios
Monera
Archaea
Eubacteria
Protista
Eukarya
Fungi
Plantae
Animalia
A diferença básica nas classificações citadas é que a mais recente se baseia fundamentalmente em",c,enem_2017-2,2017,enem,tipos de células.,aspectos ecológicos.,relações filogenéticas.,propriedades fisiológicas.,características morfológicas.
exams_pt-br_fuvest_2011_q_10,10,Física,"A seguinte declaração foi divulgada no jornal eletrônico FOLHA.com – mundo em 29/05/2010: “A vontade do Irã de enriquecer urânio a 20% em seu território nunca esteve sobre a mesa de negociações do acordo assinado por Brasil e Turquia com Teerã, afirmou nesta sexta-feira o ministro das Relações Exteriores brasileiro Celso Amorim”. Enriquecer urânio a 20%, como mencionado nessa notícia, significa",d,exams_pt-br_fuvest_2011,2011,fuvest,"aumentar, em 20%, as reservas conhecidas de urânio de um território.","aumentar, para 20%, a quantidade de átomos de urânio contidos em uma amostra de minério.","aumentar, para 20%, a quantidade de 238U presente em uma amostra de urânio.","aumentar, para 20%, a quantidade de 235U presente em uma amostra de urânio.","diminuir, para 20%, a quantidade de 238U presente em uma amostra de urânio."
exams_pt-br_fuvest_1989_q_8,8,Português,"Entre os excertos abaixo, assinale aquele em que o autor criou uma metáfora de 'vida'.",d,exams_pt-br_fuvest_1989,1989,fuvest,"... como também se decompõem os homens, acionistas e diretores, importadores e industriais...","... o leu espiritual, estendendo e juntando as mãos e os braços, como fazem os nadadores, que caem do alto, mergulhou por uma coluna abaixo.","... a realidade, onde as paixões aquecem, onde as flores vão perdendo a cor purpúrea e o vigor eterno.","... a tiavesslâ a vida é longa, o mar é agitado, o navio joga muito.","... o renêlo é a solidão, a vida retirada, em que a alma acha todo o seu sossego."
enem_2019-1_q_84,84,História,"A Declaração Universal dos Direitos Humanos, adotada e proclamada pela Assembleia Geral da ONU na Resolução 217-A, de 10 de dezembro de 1948, foi um acontecimento histórico de grande relevância. Ao afirmar, pela primeira vez em escala planetária, o papel dos direitos humanos na convivência coletiva, pode ser considerada um evento inaugural de uma nova concepção de vida internacional.
LAFER, C. Declaração Universal dos Direitos Humanos (1948). In: MAGNOLI, D. (Org.). História da paz. São Paulo: Contexto, 2008.
A declaração citada no texto introduziu uma nova concepção nas relações internacionais ao possibilitar a",b,enem_2019-1,2019,enem,superação da soberania estatal.,defesa dos grupos vulneráveis.,redução da truculência belicista.,impunidade dos atos criminosos.,inibição dos choques civilizacionais.
exams_pt-br_fuvest_2003_q_99,99,Biologia,"O cogumelo shitake é cultivado em troncos, onde suas hifas nutrem-se das moléculas orgânicas componentes da madeira. Uma pessoa, ao comer cogumelos shitake, está se comportando como",c,exams_pt-br_fuvest_2003,2003,fuvest,produtor.,consumidor primário.,consumidor secundário.,consumidor terciário.,decompositor.
exams_pt-br_fuvest_2018_q_60,60,História,"A imagem representa a morte de Atahualpa, o último imperador inca, em 1533, após a conquista espanhola comandada por Francisco Pizarro. Luis Montero. Os funerais do inca Atahualpa. Óleo sobre tela, 1865-1867.

Analise as quatro afirmações seguintes, a respeito da empresa e da conquista colonial espanhola no Peru e da representação presente na imagem.

I. A conquista foi favorecida pelo conflito interno entre os dois irmãos incas, Atahualpa e Huascar, aproveitado pelas forças espanholas lideradas por Francisco Pizarro.
II. A produção agrícola das plantations escravistas constituiu-se na base econômica do vice-reinado do Peru, controlado pelos espanhóis.
III. Do lado esquerdo da pintura, há uma movimentação conflituosa, na qual as mulheres incas são contidas por guardas espanhóis, contrastando com a expressão ordenada e solene do lado direito, composto por religiosos e autoridades espanholas em torno do corpo do imperador inca.
IV. A pintura revela o resgate de elementos históricos — importante para a construção do ideário nacionalista no século XIX, no processo pós-independência e de formação do Estado nacional peruano —, mas retrata os personagens indígenas com trajes e feições europeias.

Está correto apenas as afirmativas:",c,exams_pt-br_fuvest_2018,2018,fuvest,"I, II e III.","I, II e IV.","I, II, III e IV.",III e IV.,Nenhuma das alternativas.
unicamp_2025_q_26,26,História,"Em meados de fevereiro de 1765, Juana Antonia Gomiciaga, por intermédio do “procurador de pobres”, Diego Toribio de la Cueva, se apresentou ao Cabildo de Santiago. Ela confiava que o foro de justiça local pudesse dar solução ao seu pedido principal: obter o reconhecimento de sua liberdade, que, de acordo com sua versão, havia sido concedida verbalmente por sua senhora, Francisca Josefa Gomiciaga, em fevereiro de 1751. Nas palavras do procurador, a liberdade havia sido concedida devido à “piedade e compaixão”. Contudo, essa alforria verbal, ao longo do tempo, foi desconsiderada pelas senhoras de Juana, o que motivou a escrava Juana Antonia a recorrer à arena judicial. Tendo em vista seus conhecimentos sobre América espanhola e considerando as informações, presentes no excerto, sobre o caso de Juana Antônia Gomiciaga, assinale a alternativa correta.",d,unicamp_2025,2025,unicamp,"As ações judiciais resultaram em um questionamento da sociedade escravocrata; por conta delas, foi decretado o fim do sistema de escravidão africana no século XVIII.","A resistência à escravidão indígena era marcada pelo enfrentamento físico e, no caso da resistência africana à escravidão, predominava a postura passiva.","Embora houvesse demandas jurídicas dos escravizados, o Império era inflexível quanto a essas negociações na Justiça, como demonstrado no excerto.","Os estudos sobre a escravidão têm demonstrado que muitos escravizados, entre várias estratégias, articulavam a luta pela liberdade na Justiça.",
enem_2011-1_q_23,23,Filosofia,"O acidente nuclear de Chernobyl revela brutalmente os limites dos poderes técnico-científicos da humanidade e as “marchas-à-ré” que a “natureza” nos pode reservar. É evidente que uma gestão mais coletiva se impõe para orientar as ciências e as técnicas em direção a finalidades mais humanas.

GUATTARI, F. As três ecologias. São Paulo: Papirus, 1995 (adaptado).

O texto trata do aparato técnico-científico e suas consequências para a humanidade, propondo que esse desenvolvimento",a,enem_2011-1,2011,enem,defina seus projetos a partir dos interesses coletivos.,"guie-se por interesses econômicos, prescritos pela lógica do mercado.","priorize a evolução da tecnologia, se apropriando da natureza.",promova a separação entre natureza e sociedade tecnológica.,"tenha gestão própria, com o objetivo de melhor apropriação da natureza."
exams_pt-br_fuvest_1991_q_45,45,Português,"""Bota o retrato do velho outra vez
Bota no mesmo lugar
o sorriso do velho
íez d nle se ê jí, oi
Eu lá boto oń
E tu não vais botar?
Já er faz isto no meu
! tu vais efeitar?
O sorriso do uelhinho
iãz a gente Raura1har""

(Incroio do Lago, de Marino Pinto e Haroldo Lobo)

Esse samba, muito popular na época, foi utilizado como instrumento de propaganda pelo movimento político que visava o retorno do seu Líder. Esse movimento é secular.",d,exams_pt-br_fuvest_1991,1991,fuvest,Jacob Luís e Floriano Peirôto,Ilonar Luisro c D. Pedro II,Jasion e journio ouadros,Auercis-no e Ceúllião Vargas,Tetreísno c Luis Carlos Prestes
enem_2013-1_q_65,65,Física,"Uma manifestação comum das torcidas em estádios de futebol é a ola mexicana. Os espectadores de uma linha, sem sair do lugar e sem se deslocarem lateralmente, ficam de pé e se sentam, sincronizados com os da linha adjacente. O efeito coletivo se propaga pelos espectadores do estádio, formando uma onda progressiva, conforme ilustração. Calcula-se que a velocidade de propagação dessa “onda humana” é 45 km/h, e que cada período de oscilação contém 16 pessoas, que se levantam e se sentam organizadamente e distanciadas entre si por 80 cm. Disponível em: www.ufsm.br. Acesso em: 7 dez. 2012 (adaptado). Nessa ola mexicana, a frequência da onda, em hertz, é um valor mais próximo de",c,enem_2013-1,2013,enem,"0,3.","0,5.","1,0.","1,9.","3,7."
ita_2022_q_59,59,Biologia,"Considere as seguintes afirmações sobre os aminoácidos:
I. Os aminoácidos são pequenas moléculas com propriedades bioquímicas únicas determinadas por seus grupos funcionais.
II. Os aminoácidos em pH fisiológico (~7,4) apresentam os grupamentos amina protonados, enquanto os grupos carboxílicos assumem sua forma de base conjugada.
III. Os aminoácidos podem se polimerizar por meio de reações de adição para formar as ligações peptídicas (CO-NH).
IV. As variações no comprimento e sequência de aminoácidos de polipeptídios são características que contribuem para a diversidade na forma e nas funções biológicas das proteínas.
V. Todos os aminoácidos obtidos de polipeptídios são opticamente ativos, isto é, eles desviam o plano da luz polarizada.
Assinale a alternativa que apresenta as afirmações CORRETAS.",a,ita_2022,2022,ita,"Apenas I, II e IV","Apenas I, II, IV e V","Apenas I, III e V","Apenas I, III, IV e V",Todas
unicamp_2021_q_71,71,Geografia,"Os mapas temáticos são elaborados com a utilização de técnicas que objetivam a melhor visualização e comunicação, distinguindo-se essencialmente dos topográficos, que representam fenômenos de qualquer natureza, geograficamente distribuídos sobre a superfície terrestre. O nível de organização dos dados, qualitativos, ordenados ou quantitativos, de um mapa está diretamente relacionado ao método de mapeamento e à utilização de variáveis visuais adequadas à sua representação.

Os mapas temáticos anteriores mostram o cenário brasileiro da pandemia em 7 de julho de 2020. O mapa 1 apresenta o número de casos confirmados de Covid19 por ente federativo e o mapa 2, a taxa de incidência da Covid19 por Estado brasileiro. No que se refere à análise dos dados representados nos mapas, é correto afirmar:",c,unicamp_2021,2021,unicamp,"O objetivo do mapa 1 é apresentar os dados de forma quantitativa, enquanto o mapa 2 prioriza uma apresentação qualitativa dos dados.",Os mapas 1 e 2 apresentam dados absolutos qualitativos referentes à Covid19 obtidos em órgãos oficiais do governo federal.,"O mapa 1 apresenta os dados absolutos dos casos confirmados de Covid19, enquanto o mapa 2 apresenta a proporção de casos por milhão de habitantes.","Os mapas 1 e 2 apresentam dados proporcionais referentes à Covid19, pois não é possível apresentar com exatidão dados da área de saúde.",
enem_2017-1_q_78,78,História,"Durante o Estado Novo, os encarregados da propaganda procuraram aperfeiçoar-se na arte da empolgação e envolvimento das “multidões” através das mensagens políticas. Nesse tipo de discurso, o significado das palavras importa pouco, pois, como declarou Goebbels, “não falamos para dizer alguma coisa, mas para obter determinado efeito”. CAPELATO, M. H. Propaganda política e controle dos meios de comunicação. In: PANDOLFI, D. (Org.). Repensando o Estado Novo. Rio de Janeiro: FGV, 1999. O controle sobre os meios de comunicação foi uma marca do Estado Novo, sendo fundamental à propaganda política, na medida em que visava",a,enem_2017-1,2017,enem,conquistar o apoio popular na legitimação do novo governo.,ampliar o envolvimento das multidões nas decisões políticas.,aumentar a oferta de informações públicas para a sociedade civil.,estender a participação democrática dos meios de comunicação no Brasil.,alargar o entendimento da população sobre as intenções do novo governo.
enem_2015-2_q_133,133,Português,"Situado na vigência do Regime Militar que governou o Brasil, na década de 1970, o poema de Cacaso edifica uma forma de resistência e protesto a esse período, metaforizando",d,enem_2015-2,2015,enem,"as artes plásticas, deturpadas pela repressão e censura.","a natureza brasileira, agonizante como um pássaro enjaulado.","o nacionalismo romântico, silenciado pela perplexidade com a Ditadura.","o emblema nacional, transfigurado pelas marcas do medo e da violência.","as riquezas da terra, espoliadas durante o aparelhamento do poder armado."
unicamp_2018_q_56,56,Biologia,"Fósseis do organismo Spriggina (em vista dorsal na figura a seguir), que viveu há 550 milhões de anos, foram descobertos nas montanhas de Ediacara, na Austrália. Tais fósseis estão entre os mais antigos vestígios de seres multicelulares já encontrados. Esse animal primitivo, cuja classificação desafia os pesquisadores, possui algumas características ainda encontradas na maioria dos animais existentes hoje. Esse animal apresenta",a,unicamp_2018,2018,unicamp,"simetria bilateral, com eixo ântero-posterior bem definido, características não encontradas em cnidários, poríferos e equinodermos.","simetria radial, com eixo dorsoventral bem definido, características não encontradas em cnidários, moluscos e equinodermos.","simetria dorsoventral, com eixo ântero-posterior bem definido, características não encontradas em cordados, poríferos e cnidários.","simetria pentarradial, com eixo dorsoventral bem definido, características não encontradas em cnidários, cordados e equinodermos.",
exams_pt-br_fuvest_2012_q_3,3,Sociologia,"Ainda no começo do século 20, Euclides da Cunha, em pequeno estudo, discorria sobre os meios de sujeição dos trabalhadores nos seringais da Amazônia, no chamado regime de peonagem, a escravidão por dívida. Algo próximo do que foi constatado em São Paulo nestes dias [agosto de 2011] envolvendo duas oficinas terceirizadas de produção de vestuário. José de Souza Martins, 2011. Adaptado.

No texto acima, o autor faz menção à presença de regime de trabalho análogo à escravidão, na indústria de bens",d,exams_pt-br_fuvest_2012,2012,fuvest,"de consumo não duráveis, com a contratação de imigrantes asiáticos, destacando-se coreanos e chineses.","de consumo duráveis, com a superexploração, por meio de empresas de pequeno porte, de imigrantes chilenos e bolivianos.","intermediários, com a contratação prioritária de imigrantes asiáticos, destacando-se coreanos e chineses.","de consumo não duráveis, com a superexploração, principalmente, de imigrantes bolivianos e peruanos.","de produção, com a contratação majoritária, por meio de empresas de médio porte, de imigrantes peruanos e colombianos."
exams_pt-br_fuvest_1983_q_90,90,Matemática,A equação x² - x - 2 = 0 possui quais soluções?,e,exams_pt-br_fuvest_1983,1983,fuvest,-1 e 1,0 e 2,-1 e 0,1 e -3,-1 e 2
enem_2010-1_q_83,83,Física,"Durante uma obra em um clube, um grupo de trabalhadores teve de remover uma escultura de ferro maciço colocada no fundo de uma piscina vazia. Cinco trabalhadores amarraram cordas à escultura e tentaram puxá-la para cima, sem sucesso. Se a piscina for preenchida com água, ficará mais fácil para os trabalhadores removerem a escultura, pois a escultura flutuará. Dessa forma, os homens não precisarão fazer força para remover a escultura do fundo.",e,enem_2010-1,2010,enem,"escultura flutuará. Dessa forma, os homens não precisarão fazer força para remover a escultura do fundo.","escultura ficará com peso menor. Dessa forma, a intensidade da força necessária para elevar a escultura será menor.","água exercerá uma força na escultura proporcional a sua massa, e para cima. Esta força se somará à força que os trabalhadores fazem para anular a ação da força peso da escultura.","água exercerá uma força na escultura para baixo, e esta passará a receber uma força ascendente do piso da piscina. Esta força ajudará a anular a ação da força peso na escultura.","água exercerá uma força na escultura proporcional ao seu volume, e para cima. Esta força se somará à força que os trabalhadores fazem, podendo resultar em uma força ascendente maior que o peso da escultura."
exams_pt-br_fuvest_1988_q_61,61,História,Democracia e imperialismo apresentam duas faces da mesma moeda na história do século XX. Assinale a alternativa que corretamente reflete essa dualidade:,a,exams_pt-br_fuvest_1988,1988,fuvest,"Correta, já que a pós-positividade proporcionou processos provenientes das regiões subnacionais, beneficiando os cidadãos atenienses em tempo necessário para uma valorização política na vida pública, promovendo a falsa democracia.","Falsa, pois as contradições internas levaram à opressão política nas Guerras Peloponésicas.","Correta, pois foi o desejo de manter a hegemonia e estender a democracia a todas as cidades, o que levou os atenenses a se oporem ao imperialismo espanhol.","Falsa, já que o orgulho pelo sistema político simplista fez com que Atenas permanecesse fechada sobre seu sistema, desprezando concorrentes e outras cidades.","Correta, se aplicada exclusivamente ao período das Guerras Púnicas contra Esparta e sua liga aristocrática."
exams_pt-br_fuvest_1990_q_56,56,Geografia,A divisão do território apresentando áreas de água se classifica como:,c,exams_pt-br_fuvest_1990,1990,fuvest,Clima.,Relevo.,Hidrografia.,Regiões geográficas.,Vegetação.
ita_2017-fisica_q_16,16,Física,"Com os motores desligados, uma nave executa uma trajetória circular com período de 5 400 s próxima à superfície do planeta em que orbita. Assinale a massa específica média desse planeta.",d,ita_2017-fisica,2024,ita,"1,0 g/cm3","1,8 g/cm3","2,4 g/cm3","4,8 g/cm3","20,0 g/cm"
exams_pt-br_fuvest_2004_q_45,45,Geografia,"O aumento do número de mortes de soldados das forças de ocupação do Iraque, mesmo após o anúncio do final da guerra pelo governo dos Estados Unidos, deve-se à",b,exams_pt-br_fuvest_2004,2004,fuvest,"participação tardia da Rússia, que procurou salvaguardar seus interesses geopolíticos na região.","reação da população iraquiana, que não aceita a presença de estrangeiros no país.",redução do efetivo militar norte-americano para cortar as despesas com a ocupação.,"ação da inteligência norte-americana, que conseguiu isolar os dirigentes procurados, sem destruir as cidades.",maior vulnerabilidade da população em função da ausência de governo local.
exams_pt-br_fuvest_2025_q_13,13,História,"As formas de colonização ibérica e inglesa na América foram, durante muito tempo, consideradas processos isolados, estruturados em dois modelos opostos: as colônias de exploração e as de povoamento, respectivamente. No entanto, elas constituíram um emaranhado de experiências compartilhadas pelos impérios atlânticos. Os aspectos comuns a essas formas de colonização foram a",b,exams_pt-br_fuvest_2025,2025,fuvest,"partida dos colonizadores da metrópole, da qual saíram por fatores religiosos, e a adoção do trabalho livre como base da produção.",dominação e a exploração dos povos originários e o emprego sistemático do trabalho forçado dessas populações.,introdução de colonos sem interesse na ocupação demográfica e o objetivo exclusivo da extração de riquezas minerais.,produção local organizada em pequenas propriedades e a utilização primordial da força de trabalho familiar.,falta de interesse metropolitano pela exploração comercial e a inexistência de benefícios financeiros para a metrópole.
enem_2011-2_q_130,130,Biologia,"MANDIOCA – mais um presente da Amazônia
Aipim, castelinha, macaxeira, maniva, maniveira. As
designações da Manihot utilissima podem variar de região,
no Brasil, mas uma delas deve ser levada em conta em todo
o território nacional: pão-de-pobre – e por motivos óbvios.
Rica em fécula, a mandioca — uma planta rústica e nativa
da Amazônia disseminada no mundo inteiro, especialmente
pelos colonizadores portugueses — é a base de sustento de
muitos brasileiros e o único alimento disponível para mais de
600 milhões de pessoas em vários pontos do planeta, e em
particular em algumas regiões da África. O melhor do Globo Rural. Fev. 2005 (fragmento).
De acordo com o texto, há no Brasil uma variedade de
nomes para a Manihot utilissima, nome científico da
mandioca. Esse fenômeno revela que",a,enem_2011-2,2011,enem,existem variedades regionais para nomear uma mesma espécie de planta.,mandioca é nome específico para a espécie existente na região amazônica.,“pão-de-pobre” é designação específica para a planta da região amazônica.,"os nomes designam espécies diferentes da planta, conforme a região.",a planta é nomeada conforme as particularidades que apresenta.
enem_2023-2_q_125,125,Física,"A utilização de tecnologia nuclear é um tema bastante controverso, por causa do risco de acidentes graves, como aqueles ocorridos em Chernobyl (1986), em Goiânia (1987) e em Fukushima (2011). Apesar de muitas desvantagens, como a geração de resíduos tóxicos, a descontaminação ambiental dispendiosa em caso de acidentes e a utilização em armas nucleares, a geração de energia nuclear apresenta vantagens em comparação a outras fontes de energia.
A geração dessa energia tem como característica:",e,enem_2023-2,2023,enem,Formar resíduos facilmente recicláveis.,Promover o aumento do desmatamento.,Contribuir para a produção de chuva ácida.,Emitir gases tóxicos que são lançados no ambiente.,Produzir calor sem o consumo de combustíveis fósseis.
enem_2020-2_q_165,165,Matemática,"Uma torneira está gotejando água em um balde com capacidade de 18 litros. No instante atual, o balde se encontra com ocupação de 50% de sua capacidade. A cada segundo caem 5 gotas de água da torneira, e uma gota é formada, em média, por 5 × 10^{-2} mL de água. Quanto tempo, em hora, será necessário para encher completamente o balde, partindo do instante atual?",b,enem_2020-2,2020,enem,2 × 10^1,1 × 10^1,2 × 10^{-2},1 × 10^{-2},1 × 10^{-3}
unicamp_2014_q_26,26,Química,"O uso industrial do cloreto de sódio se dá principalmente no processo de obtenção de alguns importantes produtos de sua eletrólise em meio aquoso. Simplificadamente, esse processo é feito pela passagem de uma corrente elétrica em uma solução aquosa desse sal. Pode-se afirmar que, a partir desse processo, seriam obtidos:",b,unicamp_2014,2014,unicamp,"gás hidrogênio, gás oxigênio e ácido clorídrico.","gás hidrogênio, gás cloro e hidróxido de sódio em solução.","gás hidrogênio, gás cloro e ácido clorídrico.","gás hidrogênio, gás oxigênio e hidróxido de sódio em solução.",
unicamp_2019_q_56,56,Química,"Raros são os cientistas que se dedicam a medir um único fenômeno. Mais raro ainda são aqueles que alteram o comportamento da humanidade com suas medições. O norte-americano Charles D. Keeling passou a vida medindo a quantidade de CO2 existente na atmosfera, demonstrando que a quantidade desse gás está aumentando. Em 1958, muito antes do surgimento dos movimentos ecológicos, Keeling desconfiou de que esse efeito era devido à queima de combustíveis fósseis. Na última década, a hipótese de Keeling foi testada pela análise de bolhas de ar retidas no gelo polar, revelando que a concentração de CO2 permaneceu inalterada por milênios, aumentando a partir do século XIX.
(Adaptado de Fernando Reinach, A longa marcha dos grilos canibais. São Paulo: Companhia das Letras, 2010, p. 41 - 42.)
Os experimentos com as bolhas de ar do gelo polar indicam que a elevação das emissões de CO2",b,unicamp_2019,2019,unicamp,"é diretamente proporcional à utilização crescente de petróleo (plantas fossilizadas) nos Estados Unidos e na China no século XIX, o que propiciou o desenvolvimento de novos equipamentos, tecnologias e organizações no mundo do trabalho.","está correlacionada com a utilização crescente de carvão mineral (plantas fossilizadas) durante a Revolução Industrial, que propiciou o uso da energia a vapor e o desenvolvimento de máquinas, levando à produção em larga escala.","está associada à utilização crescente de petróleo (micro-organismos fossilizados) desde os primórdios da Revolução Industrial, caracterizada pelo uso de máquinas para a produção em larga escala e novas organizações trabalhistas.","é diretamente proporcional à utilização decrescente de biodiesel (micro-organismos fossilizados) na Inglaterra durante a Revolução Industrial, quando esse país adotou uma matriz energética baseada no consumo de petróleo para fomentar sua economia protecionista.",
unicamp_2016_q_85,85,Inglês,"The Future of Food
SCENARIO PLANNING TRAINING
In 2030...
What will we eat?
 Where will our food come from?
Will we all have enough?
Using the global system as a backdrop, expert scenario practitioners will help you apply the methodology that systematically imagines multiple futures and their risks and opportunities
START ONLINE, THEN COME TO STANFORD UNIVERSITY
Application deadline AUGUST 3, 2015
Online content opens August 10, 2015
Onsite Immersion at Stanford Sept.28-Oct.1, 2015
Apply now at WORLDVIEW.STANFORD.EDU
SPACE LIMITED TO 32 PARTICIPANTS
(Adaptado de Stanford Magazine, July/August 2015, p.3.)
O texto anuncia um",c,unicamp_2016,2016,unicamp,curso on-line e presencial que oferece uma metodologia para ajudar a definir quais alimentos deverão ser consumidos no futuro.,curso on-line que oferece uma metodologia para minimizar riscos no consumo de alimentos no futuro.,curso on-line e presencial que oferece uma metodologia para construção de cenários futuros sobre consumo de alimentos.,curso presencial que oferece uma metodologia para ajudar as pessoas a comerem melhor no futuro.,
unicamp_2015_q_19,19,Biologia,"Nos porões dos navios vindos do Oriente no século XIV, chegavam milhares de ratos à Europa, onde encontravam um ambiente favorável, dadas as condições precárias de higiene. Esses ratos estavam contaminados e suas pulgas transmitiam um agente etiológico aos homens através da picada. Os ratos também morriam da doença e, quando isto acontecia, as pulgas passavam rapidamente para os humanos, para obterem seu alimento, o sangue. Qual é o agente etiológico e qual é o nome popular dessa doença?",b,unicamp_2015,2015,unicamp,"Vírus, peste bubônica.","Bactéria, peste bubônica.","Vírus, leptospirose.","Bactéria, leptospirose.",
enem_2020-2_q_92,92,Física,"As panelas de pressão reduzem o tempo de cozimento dos alimentos por elevar a temperatura de ebulição da água. Os usuários conhecedores do utensílio normalmente abaixam a intensidade do fogo em panelas de pressão após estas iniciarem a saída dos vapores. Ao abaixar o fogo, reduz-se a chama, pois assim evita-se o(a)",e,enem_2020-2,2020,enem,aumento da pressão interna e os riscos de explosão.,dilatação da panela e a desconexão com sua tampa.,perda da qualidade nutritiva do alimento.,deformação da borracha de vedação.,consumo de gás desnecessário.
exams_pt-br_fuvest_1992_q_43,43,Biologia,"43. Um antibiótico que atua nos ribossomos natà

a) bactérias por interferir na síntese de proteínas
b) bactérias por provocar plasmólise.
c) fungos por interferir na Síntese de lipídios,
d) vírus por alterar DNA.
e) vírus por impedir recombinação gênica.",a,exams_pt-br_fuvest_1992,1992,fuvest,bactérias por interferir na síntese de proteínas,bactérias por provocar plasmólise.,"fungos por interferir na Síntese de lipídios,",vírus por alterar DNA.,vírus por impedir recombinação gênica.
unicamp_2024_q_43,43,Biologia,"Sabe-se que o uso indiscriminado e irregular de anabolizantes gera consequências negativas significativas à saúde humana, tais como: tremores, acne severa, hipertensão arterial sistêmica, tumores no fígado e pâncreas, distúrbios de coagulação, distúrbios testiculares e menstruais, insônia, entre outros.
(Adaptado de: https://bvsms.saude.gov.br/anabolizantes/. Acesso em 12/4/2023.)
Assinale a alternativa que preenche corretamente as lacunas no excerto a seguir.

A testosterona desempenha importante função no desenvolvimento de tecidos e órgãos do sistema reprodutor masculino, como (i) ___________ e testículos, além de atuar na promoção de características sexuais secundárias, como aumento de massa muscular, crescimento dos pelos corporais, espessamento das pregas vocais e (ii) ____________. Esse hormônio anabolizante é sintetizado em várias etapas a partir (iii) __________ e é convertido para metabólitos inativos no (iv) __________.",a,unicamp_2024,2024,unicamp,(i) próstata; (ii) maturação dos ossos; (iii) do colesterol; (iv) fígado.,(i) vesícula seminal; (ii) maturação dos ossos; (iii) da creatina; (iv) fígado.,(i) próstata; (ii) produção de esperma; (iii) da creatina; (iv) pâncreas.,(i) vesícula seminal; (ii) produção de esperma; (iii) do colesterol; (iv) pâncreas.,
exams_pt-br_fuvest_2004_q_57,57,Física,"João está parado em um posto de gasolina quando vê o carro de seu amigo, passando por um ponto P, na estrada, a 60 km/h. Pretendendo alcançar a ele, João parte com seu carro e passa pelo mesmo ponto P, depois de 4 minutos, já a 80 km/h. Considere que ambos dirigem com velocidades constantes. Medindo o tempo, a partir de sua passagem pelo ponto P, João deverá alcançar seu amigo, aproximadamente, em",c,exams_pt-br_fuvest_2004,2004,fuvest,4 minutos,10 minutos,12 minutos,15 minutos,20 minutos
enem_2017-1_q_8,8,Tecnologias,"Mas assim que penetramos no universo da web, descobrimos que ele constitui não apenas um imenso “território” em expansão acelerada, mas que também oferece inúmeros “mapas”, filtros, seleções para ajudar o navegante a orientar-se. O melhor guia para a web é a própria web. Ainda que seja preciso ter a paciência de explorá-la. Ainda que seja preciso arriscar-se a ficar perdido, aceitar “a perda de tempo” para familiarizar-se com esta terra estranha. Talvez seja preciso ceder por um instante a seu aspecto lúdico para descobrir, no desvio de um link, os sites que mais se aproximam de nossos interesses profissionais ou de nossas paixões e que poderão, portanto, alimentar da melhor maneira possível nossa jornada pessoal.
LÉVY, P. Cibercultura. São Paulo: Editora 34, 1999.
O usuário iniciante sente-se não raramente desorientado no oceano de informações e possibilidades disponíveis na rede mundial de computadores. Nesse sentido, Pierre Lévy destaca como um dos principais aspectos da internet o(a)",a,enem_2017-1,2017,enem,espaço aberto para a aprendizagem.,grande número de ferramentas de pesquisa.,ausência de mapas ou guias explicativos.,infinito número de páginas virtuais.,dificuldade de acesso aos sites de pesquisa.
